item_name,description,category
coffee grounds,used in coffee maker,Organic
vegetable peels,from cooking prep,Organic
used bread crust,stale leftover,Organic
used orange peel,after eating fruit,Organic
used tea leaves,used after brewing,Organic
coffee grounds,used in coffee maker,Organic
banana peel,from fruit waste,Organic
bread crust,stale leftover,Organic
orange peel,after eating fruit,Organic
lettuce scraps,from salad preparation,Organic
corn husk,removed before cooking at home,Organic
corn husk,removed before cooking,Organic
used orange peel,after eating fruit,Organic
apple core,leftover from eating,Organic
bread crust,stale leftover,Organic
coffee grounds,used in coffee maker,Organic
orange peel,after eating fruit at home,Organic
used egg shells,broken during cooking,Organic
orange peel,after eating fruit,Organic
corn husk,removed before cooking at home,Organic
corn husk,removed before cooking,Organic
orange peel,after eating fruit,Organic
coffee grounds,used in coffee maker at home,Organic
coffee grounds,used in coffee maker,Organic
used bread crust,stale leftover,Organic
used banana peel,from fruit waste at home,Organic
banana peel,from fruit waste,Organic
apple core,leftover from eating,Organic
used lettuce scraps,from salad preparation,Organic
egg shells,broken during cooking,Organic
used coffee grounds,used in coffee maker at home,Organic
vegetable peels,from cooking prep,Organic
used apple core,leftover from eating at home,Organic
corn husk,removed before cooking,Organic
tea leaves,used after brewing,Organic
used vegetable peels,from cooking prep,Organic
tea leaves,used after brewing at home,Organic
used coffee grounds,used in coffee maker at home,Organic
tea leaves,used after brewing,Organic
orange peel,after eating fruit,Organic
used lettuce scraps,from salad preparation,Organic
vegetable peels,from cooking prep at home,Organic
used banana peel,from fruit waste,Organic
corn husk,removed before cooking,Organic
used corn husk,removed before cooking,Organic
banana peel,from fruit waste,Organic
apple core,leftover from eating,Organic
corn husk,removed before cooking,Organic
vegetable peels,from cooking prep at home,Organic
used apple core,leftover from eating at home,Organic
lettuce scraps,from salad preparation,Organic
apple core,leftover from eating at home,Organic
used egg shells,broken during cooking at home,Organic
egg shells,broken during cooking,Organic
vegetable peels,from cooking prep at home,Organic
used apple core,leftover from eating,Organic
corn husk,removed before cooking,Organic
vegetable peels,from cooking prep at home,Organic
lettuce scraps,from salad preparation,Organic
tea leaves,used after brewing,Organic
used corn husk,removed before cooking,Organic
lettuce scraps,from salad preparation at home,Organic
used lettuce scraps,from salad preparation,Organic
used vegetable peels,from cooking prep,Organic
tea leaves,used after brewing at home,Organic
tea leaves,used after brewing,Organic
orange peel,after eating fruit at home,Organic
used apple core,leftover from eating,Organic
corn husk,removed before cooking,Organic
banana peel,from fruit waste,Organic
used coffee grounds,used in coffee maker at home,Organic
egg shells,broken during cooking,Organic
bread crust,stale leftover at home,Organic
tea leaves,used after brewing,Organic
corn husk,removed before cooking,Organic
orange peel,after eating fruit,Organic
used coffee grounds,used in coffee maker at home,Organic
banana peel,from fruit waste at home,Organic
tea leaves,used after brewing,Organic
used lettuce scraps,from salad preparation at home,Organic
tea leaves,used after brewing,Organic
used vegetable peels,from cooking prep,Organic
lettuce scraps,from salad preparation,Organic
orange peel,after eating fruit,Organic
banana peel,from fruit waste at home,Organic
used lettuce scraps,from salad preparation,Organic
orange peel,after eating fruit,Organic
used vegetable peels,from cooking prep,Organic
banana peel,from fruit waste,Organic
used apple core,leftover from eating,Organic
bread crust,stale leftover,Organic
used egg shells,broken during cooking at home,Organic
orange peel,after eating fruit at home,Organic
bread crust,stale leftover at home,Organic
egg shells,broken during cooking at home,Organic
orange peel,after eating fruit,Organic
vegetable peels,from cooking prep,Organic
used lettuce scraps,from salad preparation,Organic
used corn husk,removed before cooking,Organic
orange peel,after eating fruit,Organic
banana peel,from fruit waste,Organic
corn husk,removed before cooking,Organic
used orange peel,after eating fruit,Organic
tea leaves,used after brewing at home,Organic
used tea leaves,used after brewing,Organic
banana peel,from fruit waste at home,Organic
used vegetable peels,from cooking prep at home,Organic
banana peel,from fruit waste,Organic
tea leaves,used after brewing,Organic
coffee grounds,used in coffee maker,Organic
used corn husk,removed before cooking at home,Organic
used banana peel,from fruit waste,Organic
used lettuce scraps,from salad preparation at home,Organic
banana peel,from fruit waste at home,Organic
used coffee grounds,used in coffee maker at home,Organic
corn husk,removed before cooking,Organic
apple core,leftover from eating,Organic
lettuce scraps,from salad preparation,Organic
vegetable peels,from cooking prep,Organic
used vegetable peels,from cooking prep at home,Organic
tea leaves,used after brewing,Organic
bread crust,stale leftover,Organic
corn husk,removed before cooking,Organic
bread crust,stale leftover at home,Organic
egg shells,broken during cooking,Organic
used lettuce scraps,from salad preparation,Organic
orange peel,after eating fruit,Organic
orange peel,after eating fruit,Organic
corn husk,removed before cooking,Organic
apple core,leftover from eating at home,Organic
corn husk,removed before cooking,Organic
coffee grounds,used in coffee maker at home,Organic
apple core,leftover from eating,Organic
used lettuce scraps,from salad preparation,Organic
egg shells,broken during cooking at home,Organic
used vegetable peels,from cooking prep at home,Organic
orange peel,after eating fruit,Organic
tea leaves,used after brewing,Organic
tea leaves,used after brewing,Organic
used apple core,leftover from eating at home,Organic
coffee grounds,used in coffee maker,Organic
lettuce scraps,from salad preparation at home,Organic
bread crust,stale leftover,Organic
tea leaves,used after brewing,Organic
used bread crust,stale leftover,Organic
banana peel,from fruit waste,Organic
vegetable peels,from cooking prep,Organic
vegetable peels,from cooking prep,Organic
apple core,leftover from eating at home,Organic
bread crust,stale leftover,Organic
lettuce scraps,from salad preparation,Organic
coffee grounds,used in coffee maker,Organic
orange peel,after eating fruit,Organic
tea leaves,used after brewing at home,Organic
orange peel,after eating fruit,Organic
used egg shells,broken during cooking,Organic
bread crust,stale leftover,Organic
used coffee grounds,used in coffee maker,Organic
egg shells,broken during cooking,Organic
used apple core,leftover from eating,Organic
egg shells,broken during cooking,Organic
vegetable peels,from cooking prep,Organic
orange peel,after eating fruit,Organic
apple core,leftover from eating at home,Organic
banana peel,from fruit waste at home,Organic
coffee grounds,used in coffee maker,Organic
bread crust,stale leftover,Organic
tea leaves,used after brewing,Organic
used orange peel,after eating fruit at home,Organic
used tea leaves,used after brewing at home,Organic
used tea leaves,used after brewing,Organic
used corn husk,removed before cooking,Organic
tea leaves,used after brewing at home,Organic
corn husk,removed before cooking at home,Organic
orange peel,after eating fruit at home,Organic
coffee grounds,used in coffee maker at home,Organic
used banana peel,from fruit waste,Organic
bread crust,stale leftover at home,Organic
vegetable peels,from cooking prep at home,Organic
apple core,leftover from eating,Organic
used apple core,leftover from eating,Organic
used lettuce scraps,from salad preparation,Organic
lettuce scraps,from salad preparation at home,Organic
egg shells,broken during cooking at home,Organic
vegetable peels,from cooking prep,Organic
used tea leaves,used after brewing,Organic
used lettuce scraps,from salad preparation,Organic
used banana peel,from fruit waste at home,Organic
coffee grounds,used in coffee maker,Organic
used banana peel,from fruit waste,Organic
used apple core,leftover from eating at home,Organic
lettuce scraps,from salad preparation,Organic
coffee grounds,used in coffee maker,Organic
orange peel,after eating fruit,Organic
used orange peel,after eating fruit,Organic
apple core,leftover from eating,Organic
used orange peel,after eating fruit,Organic
tea leaves,used after brewing,Organic
lettuce scraps,from salad preparation,Organic
used orange peel,after eating fruit,Organic
bread crust,stale leftover,Organic
egg shells,broken during cooking,Organic
used vegetable peels,from cooking prep,Organic
orange peel,after eating fruit,Organic
used banana peel,from fruit waste,Organic
used orange peel,after eating fruit at home,Organic
used corn husk,removed before cooking,Organic
lettuce scraps,from salad preparation,Organic
corn husk,removed before cooking,Organic
bread crust,stale leftover,Organic
bread crust,stale leftover,Organic
egg shells,broken during cooking,Organic
vegetable peels,from cooking prep,Organic
vegetable peels,from cooking prep,Organic
used coffee grounds,used in coffee maker at home,Organic
used coffee grounds,used in coffee maker at home,Organic
banana peel,from fruit waste,Organic
apple core,leftover from eating,Organic
used lettuce scraps,from salad preparation,Organic
vegetable peels,from cooking prep,Organic
apple core,leftover from eating,Organic
corn husk,removed before cooking,Organic
bread crust,stale leftover,Organic
banana peel,from fruit waste,Organic
lettuce scraps,from salad preparation,Organic
corn husk,removed before cooking,Organic
bread crust,stale leftover,Organic
corn husk,removed before cooking,Organic
egg shells,broken during cooking,Organic
bread crust,stale leftover,Organic
used lettuce scraps,from salad preparation,Organic
used corn husk,removed before cooking,Organic
used bread crust,stale leftover,Organic
tea leaves,used after brewing,Organic
used bread crust,stale leftover,Organic
apple core,leftover from eating at home,Organic
vegetable peels,from cooking prep at home,Organic
banana peel,from fruit waste,Organic
used lettuce scraps,from salad preparation,Organic
lettuce scraps,from salad preparation at home,Organic
used bread crust,stale leftover at home,Organic
egg shells,broken during cooking at home,Organic
corn husk,removed before cooking,Organic
apple core,leftover from eating,Organic
corn husk,removed before cooking,Organic
vegetable peels,from cooking prep,Organic
used corn husk,removed before cooking at home,Organic
corn husk,removed before cooking,Organic
used tea leaves,used after brewing,Organic
used apple core,leftover from eating,Organic
vegetable peels,from cooking prep,Organic
lettuce scraps,from salad preparation,Organic
apple core,leftover from eating at home,Organic
apple core,leftover from eating,Organic
lettuce scraps,from salad preparation,Organic
corn husk,removed before cooking,Organic
used banana peel,from fruit waste at home,Organic
corn husk,removed before cooking,Organic
used tea leaves,used after brewing,Organic
egg shells,broken during cooking at home,Organic
orange peel,after eating fruit,Organic
used apple core,leftover from eating,Organic
bread crust,stale leftover,Organic
used banana peel,from fruit waste,Organic
coffee grounds,used in coffee maker at home,Organic
orange peel,after eating fruit,Organic
tea leaves,used after brewing,Organic
orange peel,after eating fruit,Organic
vegetable peels,from cooking prep,Organic
orange peel,after eating fruit,Organic
used bread crust,stale leftover,Organic
vegetable peels,from cooking prep,Organic
used coffee grounds,used in coffee maker,Organic
vegetable peels,from cooking prep at home,Organic
corn husk,removed before cooking at home,Organic
apple core,leftover from eating,Organic
bread crust,stale leftover at home,Organic
vegetable peels,from cooking prep,Organic
used egg shells,broken during cooking,Organic
tea leaves,used after brewing,Organic
banana peel,from fruit waste at home,Organic
used corn husk,removed before cooking at home,Organic
used orange peel,after eating fruit,Organic
used banana peel,from fruit waste,Organic
apple core,leftover from eating,Organic
vegetable peels,from cooking prep,Organic
tea leaves,used after brewing,Organic
corn husk,removed before cooking,Organic
orange peel,after eating fruit at home,Organic
used orange peel,after eating fruit,Organic
banana peel,from fruit waste at home,Organic
used vegetable peels,from cooking prep,Organic
used vegetable peels,from cooking prep,Organic
banana peel,from fruit waste,Organic
used egg shells,broken during cooking,Organic
corn husk,removed before cooking,Organic
vegetable peels,from cooking prep,Organic
bread crust,stale leftover,Organic
egg shells,broken during cooking,Organic
used tea leaves,used after brewing,Organic
used bread crust,stale leftover at home,Organic
used vegetable peels,from cooking prep,Organic
used tea leaves,used after brewing at home,Organic
corn husk,removed before cooking at home,Organic
banana peel,from fruit waste at home,Organic
tea leaves,used after brewing,Organic
corn husk,removed before cooking,Organic
used banana peel,from fruit waste,Organic
egg shells,broken during cooking,Organic
vegetable peels,from cooking prep at home,Organic
used bread crust,stale leftover,Organic
coffee grounds,used in coffee maker,Organic
vegetable peels,from cooking prep,Organic
used corn husk,removed before cooking,Organic
tea leaves,used after brewing,Organic
vegetable peels,from cooking prep at home,Organic
tea leaves,used after brewing,Organic
vegetable peels,from cooking prep,Organic
lettuce scraps,from salad preparation,Organic
vegetable peels,from cooking prep at home,Organic
lettuce scraps,from salad preparation,Organic
used bread crust,stale leftover at home,Organic
orange peel,after eating fruit,Organic
orange peel,after eating fruit,Organic
bread crust,stale leftover,Organic
apple core,leftover from eating at home,Organic
used tea leaves,used after brewing at home,Organic
lettuce scraps,from salad preparation,Organic
banana peel,from fruit waste,Organic
used bread crust,stale leftover,Organic
lettuce scraps,from salad preparation at home,Organic
banana peel,from fruit waste,Organic
coffee grounds,used in coffee maker,Organic
orange peel,after eating fruit at home,Organic
used apple core,leftover from eating,Organic
used egg shells,broken during cooking,Organic
egg shells,broken during cooking at home,Organic
coffee grounds,used in coffee maker,Organic
lettuce scraps,from salad preparation,Organic
used bread crust,stale leftover,Organic
vegetable peels,from cooking prep,Organic
egg shells,broken during cooking at home,Organic
coffee grounds,used in coffee maker at home,Organic
lettuce scraps,from salad preparation,Organic
coffee grounds,used in coffee maker at home,Organic
used apple core,leftover from eating,Organic
orange peel,after eating fruit,Organic
banana peel,from fruit waste,Organic
orange peel,after eating fruit,Organic
used egg shells,broken during cooking at home,Organic
tea leaves,used after brewing,Organic
lettuce scraps,from salad preparation,Organic
lettuce scraps,from salad preparation,Organic
orange peel,after eating fruit,Organic
banana peel,from fruit waste,Organic
coffee grounds,used in coffee maker,Organic
coffee grounds,used in coffee maker,Organic
vegetable peels,from cooking prep,Organic
used vegetable peels,from cooking prep,Organic
egg shells,broken during cooking,Organic
banana peel,from fruit waste,Organic
corn husk,removed before cooking,Organic
egg shells,broken during cooking at home,Organic
tea leaves,used after brewing,Organic
orange peel,after eating fruit at home,Organic
vegetable peels,from cooking prep,Organic
apple core,leftover from eating,Organic
bread crust,stale leftover,Organic
used bread crust,stale leftover,Organic
bread crust,stale leftover,Organic
used bread crust,stale leftover,Organic
orange peel,after eating fruit at home,Organic
orange peel,after eating fruit,Organic
bread crust,stale leftover,Organic
lettuce scraps,from salad preparation,Organic
glass jar,jam container,Recyclable
used aluminum can,soda container,Recyclable
glass jar,jam container,Recyclable
glass jar,jam container at home,Recyclable
used yogurt cup,cleaned plastic cup,Recyclable
aluminum can,soda container at home,Recyclable
glass jar,jam container,Recyclable
used milk carton,empty dairy container,Recyclable
newspaper,daily paper,Recyclable
newspaper,daily paper,Recyclable
plastic bottle,used water bottle,Recyclable
aluminum can,soda container,Recyclable
used plastic bottle,used water bottle at home,Recyclable
paper sheet,used for notes,Recyclable
used milk carton,empty dairy container at home,Recyclable
used glass jar,jam container,Recyclable
used aluminum can,soda container,Recyclable
used magazine,old reading material,Recyclable
newspaper,daily paper,Recyclable
used glass jar,jam container at home,Recyclable
plastic bottle,used water bottle at home,Recyclable
glass jar,jam container,Recyclable
plastic bottle,used water bottle,Recyclable
aluminum can,soda container at home,Recyclable
magazine,old reading material,Recyclable
used newspaper,daily paper,Recyclable
milk carton,empty dairy container,Recyclable
yogurt cup,cleaned plastic cup at home,Recyclable
tin can,food container,Recyclable
used glass jar,jam container,Recyclable
cardboard box,shipping package,Recyclable
used yogurt cup,cleaned plastic cup at home,Recyclable
tin can,food container at home,Recyclable
yogurt cup,cleaned plastic cup,Recyclable
used milk carton,empty dairy container at home,Recyclable
milk carton,empty dairy container,Recyclable
paper sheet,used for notes at home,Recyclable
aluminum can,soda container,Recyclable
milk carton,empty dairy container at home,Recyclable
used aluminum can,soda container at home,Recyclable
milk carton,empty dairy container at home,Recyclable
used glass jar,jam container,Recyclable
yogurt cup,cleaned plastic cup,Recyclable
cardboard box,shipping package at home,Recyclable
yogurt cup,cleaned plastic cup,Recyclable
magazine,old reading material at home,Recyclable
milk carton,empty dairy container,Recyclable
plastic bottle,used water bottle at home,Recyclable
tin can,food container,Recyclable
used aluminum can,soda container,Recyclable
cardboard box,shipping package,Recyclable
yogurt cup,cleaned plastic cup,Recyclable
paper sheet,used for notes,Recyclable
aluminum can,soda container,Recyclable
milk carton,empty dairy container,Recyclable
paper sheet,used for notes,Recyclable
used newspaper,daily paper at home,Recyclable
milk carton,empty dairy container,Recyclable
paper sheet,used for notes at home,Recyclable
aluminum can,soda container,Recyclable
yogurt cup,cleaned plastic cup,Recyclable
glass jar,jam container at home,Recyclable
plastic bottle,used water bottle,Recyclable
used yogurt cup,cleaned plastic cup,Recyclable
cardboard box,shipping package,Recyclable
yogurt cup,cleaned plastic cup,Recyclable
plastic bottle,used water bottle,Recyclable
milk carton,empty dairy container at home,Recyclable
used tin can,food container,Recyclable
aluminum can,soda container,Recyclable
magazine,old reading material,Recyclable
newspaper,daily paper at home,Recyclable
glass jar,jam container,Recyclable
used aluminum can,soda container,Recyclable
used cardboard box,shipping package,Recyclable
milk carton,empty dairy container,Recyclable
aluminum can,soda container,Recyclable
paper sheet,used for notes at home,Recyclable
aluminum can,soda container,Recyclable
milk carton,empty dairy container,Recyclable
newspaper,daily paper,Recyclable
used paper sheet,used for notes,Recyclable
used newspaper,daily paper at home,Recyclable
paper sheet,used for notes,Recyclable
used milk carton,empty dairy container at home,Recyclable
milk carton,empty dairy container,Recyclable
used tin can,food container,Recyclable
glass jar,jam container,Recyclable
yogurt cup,cleaned plastic cup at home,Recyclable
used magazine,old reading material at home,Recyclable
magazine,old reading material at home,Recyclable
magazine,old reading material at home,Recyclable
milk carton,empty dairy container,Recyclable
used milk carton,empty dairy container,Recyclable
newspaper,daily paper,Recyclable
used magazine,old reading material,Recyclable
glass jar,jam container at home,Recyclable
paper sheet,used for notes,Recyclable
newspaper,daily paper at home,Recyclable
paper sheet,used for notes,Recyclable
paper sheet,used for notes,Recyclable
aluminum can,soda container,Recyclable
aluminum can,soda container at home,Recyclable
plastic bottle,used water bottle,Recyclable
plastic bottle,used water bottle,Recyclable
used glass jar,jam container at home,Recyclable
used newspaper,daily paper at home,Recyclable
cardboard box,shipping package,Recyclable
plastic bottle,used water bottle,Recyclable
newspaper,daily paper,Recyclable
used milk carton,empty dairy container,Recyclable
aluminum can,soda container,Recyclable
yogurt cup,cleaned plastic cup,Recyclable
cardboard box,shipping package at home,Recyclable
glass jar,jam container at home,Recyclable
used magazine,old reading material,Recyclable
used magazine,old reading material at home,Recyclable
magazine,old reading material at home,Recyclable
paper sheet,used for notes,Recyclable
magazine,old reading material,Recyclable
cardboard box,shipping package,Recyclable
glass jar,jam container,Recyclable
tin can,food container,Recyclable
glass jar,jam container,Recyclable
tin can,food container,Recyclable
magazine,old reading material at home,Recyclable
used aluminum can,soda container,Recyclable
cardboard box,shipping package at home,Recyclable
used cardboard box,shipping package,Recyclable
newspaper,daily paper,Recyclable
used yogurt cup,cleaned plastic cup,Recyclable
used magazine,old reading material at home,Recyclable
paper sheet,used for notes,Recyclable
newspaper,daily paper at home,Recyclable
plastic bottle,used water bottle,Recyclable
used tin can,food container,Recyclable
tin can,food container,Recyclable
used yogurt cup,cleaned plastic cup at home,Recyclable
milk carton,empty dairy container at home,Recyclable
cardboard box,shipping package at home,Recyclable
plastic bottle,used water bottle at home,Recyclable
milk carton,empty dairy container,Recyclable
used plastic bottle,used water bottle,Recyclable
used tin can,food container,Recyclable
yogurt cup,cleaned plastic cup,Recyclable
glass jar,jam container,Recyclable
glass jar,jam container,Recyclable
glass jar,jam container,Recyclable
glass jar,jam container at home,Recyclable
used newspaper,daily paper,Recyclable
milk carton,empty dairy container,Recyclable
yogurt cup,cleaned plastic cup,Recyclable
used yogurt cup,cleaned plastic cup,Recyclable
yogurt cup,cleaned plastic cup,Recyclable
used plastic bottle,used water bottle,Recyclable
used newspaper,daily paper,Recyclable
aluminum can,soda container,Recyclable
used newspaper,daily paper,Recyclable
used magazine,old reading material at home,Recyclable
plastic bottle,used water bottle,Recyclable
tin can,food container at home,Recyclable
used yogurt cup,cleaned plastic cup,Recyclable
magazine,old reading material,Recyclable
paper sheet,used for notes,Recyclable
tin can,food container,Recyclable
glass jar,jam container,Recyclable
used aluminum can,soda container,Recyclable
plastic bottle,used water bottle,Recyclable
yogurt cup,cleaned plastic cup,Recyclable
paper sheet,used for notes at home,Recyclable
milk carton,empty dairy container at home,Recyclable
used cardboard box,shipping package at home,Recyclable
used milk carton,empty dairy container,Recyclable
cardboard box,shipping package,Recyclable
used paper sheet,used for notes,Recyclable
plastic bottle,used water bottle at home,Recyclable
used glass jar,jam container,Recyclable
newspaper,daily paper,Recyclable
aluminum can,soda container at home,Recyclable
plastic bottle,used water bottle,Recyclable
plastic bottle,used water bottle,Recyclable
newspaper,daily paper,Recyclable
cardboard box,shipping package at home,Recyclable
paper sheet,used for notes,Recyclable
glass jar,jam container,Recyclable
tin can,food container at home,Recyclable
cardboard box,shipping package,Recyclable
yogurt cup,cleaned plastic cup,Recyclable
aluminum can,soda container,Recyclable
newspaper,daily paper,Recyclable
tin can,food container,Recyclable
plastic bottle,used water bottle at home,Recyclable
magazine,old reading material at home,Recyclable
tin can,food container at home,Recyclable
aluminum can,soda container at home,Recyclable
plastic bottle,used water bottle at home,Recyclable
used glass jar,jam container,Recyclable
paper sheet,used for notes,Recyclable
newspaper,daily paper,Recyclable
used aluminum can,soda container,Recyclable
used cardboard box,shipping package,Recyclable
cardboard box,shipping package at home,Recyclable
used newspaper,daily paper,Recyclable
newspaper,daily paper,Recyclable
used magazine,old reading material,Recyclable
plastic bottle,used water bottle at home,Recyclable
cardboard box,shipping package,Recyclable
plastic bottle,used water bottle at home,Recyclable
paper sheet,used for notes at home,Recyclable
newspaper,daily paper,Recyclable
used newspaper,daily paper,Recyclable
paper sheet,used for notes,Recyclable
magazine,old reading material at home,Recyclable
newspaper,daily paper,Recyclable
glass jar,jam container at home,Recyclable
paper sheet,used for notes,Recyclable
used yogurt cup,cleaned plastic cup at home,Recyclable
paper sheet,used for notes at home,Recyclable
used paper sheet,used for notes at home,Recyclable
aluminum can,soda container at home,Recyclable
newspaper,daily paper,Recyclable
used glass jar,jam container,Recyclable
plastic bottle,used water bottle,Recyclable
plastic bottle,used water bottle,Recyclable
used magazine,old reading material,Recyclable
used milk carton,empty dairy container,Recyclable
paper sheet,used for notes,Recyclable
used newspaper,daily paper at home,Recyclable
glass jar,jam container,Recyclable
yogurt cup,cleaned plastic cup,Recyclable
glass jar,jam container,Recyclable
yogurt cup,cleaned plastic cup,Recyclable
cardboard box,shipping package,Recyclable
aluminum can,soda container,Recyclable
used milk carton,empty dairy container,Recyclable
used magazine,old reading material at home,Recyclable
plastic bottle,used water bottle at home,Recyclable
aluminum can,soda container,Recyclable
used tin can,food container,Recyclable
tin can,food container,Recyclable
milk carton,empty dairy container at home,Recyclable
milk carton,empty dairy container,Recyclable
plastic bottle,used water bottle,Recyclable
used magazine,old reading material at home,Recyclable
magazine,old reading material at home,Recyclable
cardboard box,shipping package,Recyclable
cardboard box,shipping package,Recyclable
used paper sheet,used for notes,Recyclable
tin can,food container at home,Recyclable
aluminum can,soda container,Recyclable
cardboard box,shipping package at home,Recyclable
newspaper,daily paper,Recyclable
glass jar,jam container,Recyclable
plastic bottle,used water bottle,Recyclable
yogurt cup,cleaned plastic cup at home,Recyclable
used newspaper,daily paper,Recyclable
cardboard box,shipping package,Recyclable
magazine,old reading material at home,Recyclable
aluminum can,soda container,Recyclable
tin can,food container,Recyclable
cardboard box,shipping package,Recyclable
paper sheet,used for notes,Recyclable
aluminum can,soda container,Recyclable
used milk carton,empty dairy container,Recyclable
yogurt cup,cleaned plastic cup,Recyclable
used yogurt cup,cleaned plastic cup,Recyclable
used tin can,food container at home,Recyclable
newspaper,daily paper,Recyclable
glass jar,jam container,Recyclable
milk carton,empty dairy container,Recyclable
plastic bottle,used water bottle,Recyclable
plastic bottle,used water bottle,Recyclable
plastic bottle,used water bottle,Recyclable
plastic bottle,used water bottle at home,Recyclable
used glass jar,jam container,Recyclable
paper sheet,used for notes,Recyclable
aluminum can,soda container,Recyclable
used glass jar,jam container at home,Recyclable
used milk carton,empty dairy container,Recyclable
used milk carton,empty dairy container,Recyclable
newspaper,daily paper,Recyclable
used plastic bottle,used water bottle at home,Recyclable
aluminum can,soda container,Recyclable
tin can,food container,Recyclable
cardboard box,shipping package,Recyclable
paper sheet,used for notes,Recyclable
magazine,old reading material,Recyclable
used milk carton,empty dairy container,Recyclable
magazine,old reading material,Recyclable
cardboard box,shipping package,Recyclable
used newspaper,daily paper,Recyclable
magazine,old reading material,Recyclable
plastic bottle,used water bottle,Recyclable
used yogurt cup,cleaned plastic cup,Recyclable
glass jar,jam container,Recyclable
used plastic bottle,used water bottle,Recyclable
yogurt cup,cleaned plastic cup at home,Recyclable
tin can,food container,Recyclable
magazine,old reading material,Recyclable
used magazine,old reading material,Recyclable
newspaper,daily paper,Recyclable
aluminum can,soda container at home,Recyclable
paper sheet,used for notes,Recyclable
used plastic bottle,used water bottle at home,Recyclable
glass jar,jam container,Recyclable
magazine,old reading material at home,Recyclable
used cardboard box,shipping package,Recyclable
milk carton,empty dairy container,Recyclable
milk carton,empty dairy container,Recyclable
paper sheet,used for notes,Recyclable
glass jar,jam container,Recyclable
aluminum can,soda container at home,Recyclable
used yogurt cup,cleaned plastic cup,Recyclable
milk carton,empty dairy container at home,Recyclable
aluminum can,soda container,Recyclable
glass jar,jam container at home,Recyclable
used milk carton,empty dairy container,Recyclable
magazine,old reading material at home,Recyclable
aluminum can,soda container,Recyclable
milk carton,empty dairy container,Recyclable
used paper sheet,used for notes,Recyclable
yogurt cup,cleaned plastic cup,Recyclable
tin can,food container at home,Recyclable
plastic bottle,used water bottle at home,Recyclable
used newspaper,daily paper at home,Recyclable
tin can,food container,Recyclable
milk carton,empty dairy container,Recyclable
tin can,food container,Recyclable
used newspaper,daily paper,Recyclable
used tin can,food container,Recyclable
magazine,old reading material at home,Recyclable
used plastic bottle,used water bottle,Recyclable
milk carton,empty dairy container at home,Recyclable
used magazine,old reading material at home,Recyclable
aluminum can,soda container,Recyclable
yogurt cup,cleaned plastic cup,Recyclable
paper sheet,used for notes,Recyclable
cardboard box,shipping package at home,Recyclable
aluminum can,soda container,Recyclable
used aluminum can,soda container,Recyclable
tin can,food container,Recyclable
magazine,old reading material at home,Recyclable
tin can,food container,Recyclable
tin can,food container,Recyclable
milk carton,empty dairy container,Recyclable
tin can,food container,Recyclable
used newspaper,daily paper,Recyclable
used cardboard box,shipping package,Recyclable
tin can,food container,Recyclable
used plastic bottle,used water bottle,Recyclable
cardboard box,shipping package at home,Recyclable
milk carton,empty dairy container,Recyclable
used plastic bottle,used water bottle,Recyclable
used plastic bottle,used water bottle,Recyclable
used newspaper,daily paper at home,Recyclable
tin can,food container at home,Recyclable
glass jar,jam container,Recyclable
used newspaper,daily paper,Recyclable
used yogurt cup,cleaned plastic cup at home,Recyclable
tin can,food container,Recyclable
used tin can,food container,Recyclable
used tin can,food container at home,Recyclable
newspaper,daily paper,Recyclable
plastic bottle,used water bottle,Recyclable
used yogurt cup,cleaned plastic cup at home,Recyclable
aluminum can,soda container,Recyclable
tin can,food container at home,Recyclable
newspaper,daily paper at home,Recyclable
cardboard box,shipping package,Recyclable
used milk carton,empty dairy container at home,Recyclable
milk carton,empty dairy container at home,Recyclable
paper sheet,used for notes at home,Recyclable
used milk carton,empty dairy container,Recyclable
glass jar,jam container,Recyclable
used paper sheet,used for notes at home,Recyclable
fluorescent bulb,contains mercury at home,Hazardous
chemical cleaner,industrial cleaner,Hazardous
rat poison,used in pest control,Hazardous
used bleach bottle,chlorine cleaning agent,Hazardous
insecticide bottle,pest control container at home,Hazardous
used nail polish remover,contains acetone at home,Hazardous
battery,used AA battery,Hazardous
insecticide bottle,pest control container,Hazardous
bleach bottle,chlorine cleaning agent,Hazardous
chemical cleaner,industrial cleaner,Hazardous
used bleach bottle,chlorine cleaning agent,Hazardous
paint can,leftover wall paint at home,Hazardous
bleach bottle,chlorine cleaning agent,Hazardous
used syringe,used medical needle at home,Hazardous
used bleach bottle,chlorine cleaning agent,Hazardous
herbicide,weed killer,Hazardous
used bleach bottle,chlorine cleaning agent,Hazardous
used battery,used AA battery,Hazardous
battery,used AA battery,Hazardous
syringe,used medical needle,Hazardous
bleach bottle,chlorine cleaning agent,Hazardous
syringe,used medical needle,Hazardous
used paint can,leftover wall paint,Hazardous
bleach bottle,chlorine cleaning agent,Hazardous
used bleach bottle,chlorine cleaning agent,Hazardous
bleach bottle,chlorine cleaning agent,Hazardous
fluorescent bulb,contains mercury,Hazardous
used chemical cleaner,industrial cleaner,Hazardous
insecticide bottle,pest control container,Hazardous
syringe,used medical needle,Hazardous
used fluorescent bulb,contains mercury,Hazardous
battery,used AA battery at home,Hazardous
insecticide bottle,pest control container at home,Hazardous
used nail polish remover,contains acetone,Hazardous
used battery,used AA battery,Hazardous
syringe,used medical needle,Hazardous
used chemical cleaner,industrial cleaner at home,Hazardous
nail polish remover,contains acetone,Hazardous
bleach bottle,chlorine cleaning agent at home,Hazardous
insecticide bottle,pest control container at home,Hazardous
rat poison,used in pest control at home,Hazardous
bleach bottle,chlorine cleaning agent at home,Hazardous
bleach bottle,chlorine cleaning agent,Hazardous
insecticide bottle,pest control container at home,Hazardous
insecticide bottle,pest control container,Hazardous
used syringe,used medical needle,Hazardous
fluorescent bulb,contains mercury,Hazardous
fluorescent bulb,contains mercury at home,Hazardous
nail polish remover,contains acetone at home,Hazardous
herbicide,weed killer,Hazardous
bleach bottle,chlorine cleaning agent,Hazardous
paint can,leftover wall paint,Hazardous
syringe,used medical needle,Hazardous
insecticide bottle,pest control container,Hazardous
nail polish remover,contains acetone,Hazardous
syringe,used medical needle,Hazardous
rat poison,used in pest control at home,Hazardous
bleach bottle,chlorine cleaning agent at home,Hazardous
paint can,leftover wall paint at home,Hazardous
used fluorescent bulb,contains mercury at home,Hazardous
paint can,leftover wall paint,Hazardous
used syringe,used medical needle,Hazardous
battery,used AA battery,Hazardous
chemical cleaner,industrial cleaner at home,Hazardous
syringe,used medical needle at home,Hazardous
battery,used AA battery,Hazardous
nail polish remover,contains acetone,Hazardous
used fluorescent bulb,contains mercury,Hazardous
used paint can,leftover wall paint,Hazardous
paint can,leftover wall paint,Hazardous
used battery,used AA battery at home,Hazardous
herbicide,weed killer at home,Hazardous
rat poison,used in pest control at home,Hazardous
paint can,leftover wall paint,Hazardous
used syringe,used medical needle at home,Hazardous
used syringe,used medical needle at home,Hazardous
syringe,used medical needle,Hazardous
nail polish remover,contains acetone,Hazardous
used herbicide,weed killer,Hazardous
chemical cleaner,industrial cleaner at home,Hazardous
bleach bottle,chlorine cleaning agent at home,Hazardous
used insecticide bottle,pest control container,Hazardous
bleach bottle,chlorine cleaning agent,Hazardous
bleach bottle,chlorine cleaning agent,Hazardous
fluorescent bulb,contains mercury at home,Hazardous
chemical cleaner,industrial cleaner,Hazardous
fluorescent bulb,contains mercury at home,Hazardous
used fluorescent bulb,contains mercury,Hazardous
bleach bottle,chlorine cleaning agent at home,Hazardous
battery,used AA battery,Hazardous
used bleach bottle,chlorine cleaning agent,Hazardous
used insecticide bottle,pest control container,Hazardous
used rat poison,used in pest control at home,Hazardous
rat poison,used in pest control,Hazardous
used paint can,leftover wall paint at home,Hazardous
paint can,leftover wall paint,Hazardous
syringe,used medical needle,Hazardous
herbicide,weed killer,Hazardous
insecticide bottle,pest control container,Hazardous
bleach bottle,chlorine cleaning agent at home,Hazardous
used nail polish remover,contains acetone,Hazardous
insecticide bottle,pest control container,Hazardous
herbicide,weed killer,Hazardous
bleach bottle,chlorine cleaning agent,Hazardous
rat poison,used in pest control,Hazardous
used fluorescent bulb,contains mercury,Hazardous
syringe,used medical needle at home,Hazardous
paint can,leftover wall paint,Hazardous
used chemical cleaner,industrial cleaner,Hazardous
used paint can,leftover wall paint,Hazardous
nail polish remover,contains acetone,Hazardous
used syringe,used medical needle,Hazardous
used bleach bottle,chlorine cleaning agent,Hazardous
used fluorescent bulb,contains mercury at home,Hazardous
battery,used AA battery,Hazardous
herbicide,weed killer,Hazardous
herbicide,weed killer at home,Hazardous
herbicide,weed killer at home,Hazardous
used bleach bottle,chlorine cleaning agent,Hazardous
battery,used AA battery,Hazardous
rat poison,used in pest control,Hazardous
herbicide,weed killer at home,Hazardous
used bleach bottle,chlorine cleaning agent at home,Hazardous
insecticide bottle,pest control container at home,Hazardous
bleach bottle,chlorine cleaning agent,Hazardous
insecticide bottle,pest control container,Hazardous
used bleach bottle,chlorine cleaning agent,Hazardous
paint can,leftover wall paint at home,Hazardous
fluorescent bulb,contains mercury,Hazardous
used insecticide bottle,pest control container at home,Hazardous
used fluorescent bulb,contains mercury,Hazardous
used insecticide bottle,pest control container,Hazardous
paint can,leftover wall paint,Hazardous
paint can,leftover wall paint,Hazardous
nail polish remover,contains acetone,Hazardous
syringe,used medical needle,Hazardous
bleach bottle,chlorine cleaning agent at home,Hazardous
paint can,leftover wall paint at home,Hazardous
used fluorescent bulb,contains mercury,Hazardous
used syringe,used medical needle at home,Hazardous
paint can,leftover wall paint at home,Hazardous
used fluorescent bulb,contains mercury at home,Hazardous
herbicide,weed killer at home,Hazardous
used nail polish remover,contains acetone at home,Hazardous
insecticide bottle,pest control container,Hazardous
battery,used AA battery at home,Hazardous
battery,used AA battery at home,Hazardous
used fluorescent bulb,contains mercury at home,Hazardous
used herbicide,weed killer,Hazardous
used paint can,leftover wall paint,Hazardous
used insecticide bottle,pest control container at home,Hazardous
nail polish remover,contains acetone,Hazardous
used nail polish remover,contains acetone,Hazardous
used bleach bottle,chlorine cleaning agent,Hazardous
fluorescent bulb,contains mercury,Hazardous
paint can,leftover wall paint,Hazardous
fluorescent bulb,contains mercury,Hazardous
fluorescent bulb,contains mercury,Hazardous
used chemical cleaner,industrial cleaner,Hazardous
bleach bottle,chlorine cleaning agent at home,Hazardous
used syringe,used medical needle,Hazardous
insecticide bottle,pest control container,Hazardous
herbicide,weed killer at home,Hazardous
used fluorescent bulb,contains mercury,Hazardous
used paint can,leftover wall paint,Hazardous
herbicide,weed killer,Hazardous
rat poison,used in pest control at home,Hazardous
chemical cleaner,industrial cleaner,Hazardous
syringe,used medical needle,Hazardous
herbicide,weed killer,Hazardous
used chemical cleaner,industrial cleaner,Hazardous
herbicide,weed killer,Hazardous
rat poison,used in pest control,Hazardous
syringe,used medical needle,Hazardous
fluorescent bulb,contains mercury,Hazardous
used battery,used AA battery at home,Hazardous
insecticide bottle,pest control container,Hazardous
used chemical cleaner,industrial cleaner at home,Hazardous
chemical cleaner,industrial cleaner at home,Hazardous
paint can,leftover wall paint,Hazardous
paint can,leftover wall paint,Hazardous
paint can,leftover wall paint at home,Hazardous
paint can,leftover wall paint,Hazardous
paint can,leftover wall paint,Hazardous
used fluorescent bulb,contains mercury,Hazardous
fluorescent bulb,contains mercury at home,Hazardous
herbicide,weed killer,Hazardous
rat poison,used in pest control at home,Hazardous
insecticide bottle,pest control container,Hazardous
used bleach bottle,chlorine cleaning agent,Hazardous
insecticide bottle,pest control container at home,Hazardous
used rat poison,used in pest control,Hazardous
rat poison,used in pest control at home,Hazardous
chemical cleaner,industrial cleaner at home,Hazardous
bleach bottle,chlorine cleaning agent,Hazardous
used herbicide,weed killer,Hazardous
paint can,leftover wall paint at home,Hazardous
rat poison,used in pest control,Hazardous
herbicide,weed killer at home,Hazardous
paint can,leftover wall paint at home,Hazardous
used battery,used AA battery,Hazardous
used paint can,leftover wall paint,Hazardous
syringe,used medical needle,Hazardous
battery,used AA battery at home,Hazardous
used herbicide,weed killer,Hazardous
rat poison,used in pest control,Hazardous
syringe,used medical needle at home,Hazardous
herbicide,weed killer at home,Hazardous
insecticide bottle,pest control container at home,Hazardous
paint can,leftover wall paint at home,Hazardous
used bleach bottle,chlorine cleaning agent,Hazardous
herbicide,weed killer,Hazardous
used nail polish remover,contains acetone,Hazardous
used herbicide,weed killer,Hazardous
used battery,used AA battery,Hazardous
battery,used AA battery,Hazardous
insecticide bottle,pest control container,Hazardous
insecticide bottle,pest control container,Hazardous
paint can,leftover wall paint,Hazardous
herbicide,weed killer,Hazardous
chemical cleaner,industrial cleaner,Hazardous
rat poison,used in pest control at home,Hazardous
used chemical cleaner,industrial cleaner,Hazardous
used battery,used AA battery,Hazardous
used battery,used AA battery,Hazardous
paint can,leftover wall paint at home,Hazardous
bleach bottle,chlorine cleaning agent at home,Hazardous
battery,used AA battery,Hazardous
used syringe,used medical needle,Hazardous
rat poison,used in pest control,Hazardous
insecticide bottle,pest control container,Hazardous
used rat poison,used in pest control,Hazardous
chemical cleaner,industrial cleaner at home,Hazardous
bleach bottle,chlorine cleaning agent,Hazardous
used herbicide,weed killer,Hazardous
nail polish remover,contains acetone,Hazardous
rat poison,used in pest control at home,Hazardous
syringe,used medical needle,Hazardous
rat poison,used in pest control,Hazardous
used paint can,leftover wall paint,Hazardous
used rat poison,used in pest control at home,Hazardous
herbicide,weed killer,Hazardous
used rat poison,used in pest control,Hazardous
chemical cleaner,industrial cleaner,Hazardous
chemical cleaner,industrial cleaner at home,Hazardous
used paint can,leftover wall paint at home,Hazardous
used fluorescent bulb,contains mercury,Hazardous
paint can,leftover wall paint,Hazardous
herbicide,weed killer at home,Hazardous
used paint can,leftover wall paint at home,Hazardous
battery,used AA battery,Hazardous
paint can,leftover wall paint,Hazardous
used syringe,used medical needle,Hazardous
used paint can,leftover wall paint,Hazardous
used herbicide,weed killer at home,Hazardous
herbicide,weed killer,Hazardous
used insecticide bottle,pest control container,Hazardous
syringe,used medical needle at home,Hazardous
insecticide bottle,pest control container,Hazardous
used nail polish remover,contains acetone,Hazardous
used fluorescent bulb,contains mercury,Hazardous
nail polish remover,contains acetone,Hazardous
herbicide,weed killer,Hazardous
used battery,used AA battery,Hazardous
used nail polish remover,contains acetone,Hazardous
syringe,used medical needle,Hazardous
battery,used AA battery,Hazardous
battery,used AA battery at home,Hazardous
nail polish remover,contains acetone,Hazardous
syringe,used medical needle,Hazardous
bleach bottle,chlorine cleaning agent,Hazardous
used fluorescent bulb,contains mercury,Hazardous
fluorescent bulb,contains mercury,Hazardous
used bleach bottle,chlorine cleaning agent,Hazardous
rat poison,used in pest control,Hazardous
rat poison,used in pest control,Hazardous
herbicide,weed killer,Hazardous
paint can,leftover wall paint at home,Hazardous
chemical cleaner,industrial cleaner,Hazardous
chemical cleaner,industrial cleaner,Hazardous
used herbicide,weed killer,Hazardous
rat poison,used in pest control,Hazardous
bleach bottle,chlorine cleaning agent at home,Hazardous
used battery,used AA battery,Hazardous
used chemical cleaner,industrial cleaner,Hazardous
battery,used AA battery,Hazardous
herbicide,weed killer at home,Hazardous
herbicide,weed killer at home,Hazardous
bleach bottle,chlorine cleaning agent,Hazardous
insecticide bottle,pest control container at home,Hazardous
bleach bottle,chlorine cleaning agent,Hazardous
chemical cleaner,industrial cleaner,Hazardous
herbicide,weed killer at home,Hazardous
used insecticide bottle,pest control container,Hazardous
herbicide,weed killer at home,Hazardous
used bleach bottle,chlorine cleaning agent,Hazardous
battery,used AA battery,Hazardous
used chemical cleaner,industrial cleaner at home,Hazardous
paint can,leftover wall paint,Hazardous
syringe,used medical needle,Hazardous
chemical cleaner,industrial cleaner,Hazardous
nail polish remover,contains acetone,Hazardous
used bleach bottle,chlorine cleaning agent,Hazardous
insecticide bottle,pest control container,Hazardous
paint can,leftover wall paint at home,Hazardous
paint can,leftover wall paint,Hazardous
bleach bottle,chlorine cleaning agent at home,Hazardous
used nail polish remover,contains acetone,Hazardous
battery,used AA battery,Hazardous
paint can,leftover wall paint,Hazardous
used syringe,used medical needle,Hazardous
nail polish remover,contains acetone at home,Hazardous
fluorescent bulb,contains mercury,Hazardous
used bleach bottle,chlorine cleaning agent,Hazardous
paint can,leftover wall paint,Hazardous
nail polish remover,contains acetone at home,Hazardous
nail polish remover,contains acetone,Hazardous
herbicide,weed killer,Hazardous
used bleach bottle,chlorine cleaning agent,Hazardous
syringe,used medical needle,Hazardous
herbicide,weed killer at home,Hazardous
fluorescent bulb,contains mercury,Hazardous
battery,used AA battery,Hazardous
used paint can,leftover wall paint,Hazardous
insecticide bottle,pest control container at home,Hazardous
used battery,used AA battery,Hazardous
bleach bottle,chlorine cleaning agent,Hazardous
fluorescent bulb,contains mercury,Hazardous
used paint can,leftover wall paint,Hazardous
syringe,used medical needle,Hazardous
used battery,used AA battery,Hazardous
chemical cleaner,industrial cleaner at home,Hazardous
fluorescent bulb,contains mercury,Hazardous
battery,used AA battery,Hazardous
used nail polish remover,contains acetone at home,Hazardous
paint can,leftover wall paint at home,Hazardous
rat poison,used in pest control at home,Hazardous
used rat poison,used in pest control,Hazardous
battery,used AA battery at home,Hazardous
chemical cleaner,industrial cleaner,Hazardous
nail polish remover,contains acetone,Hazardous
chemical cleaner,industrial cleaner,Hazardous
bleach bottle,chlorine cleaning agent,Hazardous
bleach bottle,chlorine cleaning agent,Hazardous
used paint can,leftover wall paint,Hazardous
rat poison,used in pest control,Hazardous
insecticide bottle,pest control container,Hazardous
used paint can,leftover wall paint at home,Hazardous
battery,used AA battery at home,Hazardous
syringe,used medical needle,Hazardous
battery,used AA battery,Hazardous
paint can,leftover wall paint,Hazardous
chemical cleaner,industrial cleaner,Hazardous
used herbicide,weed killer,Hazardous
herbicide,weed killer,Hazardous
herbicide,weed killer,Hazardous
nail polish remover,contains acetone,Hazardous
syringe,used medical needle,Hazardous
paint can,leftover wall paint,Hazardous
used bleach bottle,chlorine cleaning agent at home,Hazardous
nail polish remover,contains acetone at home,Hazardous
used bleach bottle,chlorine cleaning agent,Hazardous
herbicide,weed killer at home,Hazardous
fluorescent bulb,contains mercury,Hazardous
fluorescent bulb,contains mercury,Hazardous
rat poison,used in pest control,Hazardous
nail polish remover,contains acetone,Hazardous
fluorescent bulb,contains mercury at home,Hazardous
syringe,used medical needle,Hazardous
nail polish remover,contains acetone,Hazardous
herbicide,weed killer,Hazardous
battery,used AA battery,Hazardous
insecticide bottle,pest control container,Hazardous
nail polish remover,contains acetone,Hazardous
paint can,leftover wall paint at home,Hazardous
cotton swab,used in cleaning at home,General Waste
styrofoam cup,from beverage,General Waste
used tissue paper,soiled after use,General Waste
rubber glove,used during cleaning,General Waste
diaper,used disposable diaper at home,General Waste
diaper,used disposable diaper,General Waste
cotton swab,used in cleaning at home,General Waste
diaper,used disposable diaper,General Waste
ceramic plate,broken dish,General Waste
used styrofoam cup,from beverage,General Waste
diaper,used disposable diaper,General Waste
tissue paper,soiled after use,General Waste
used tissue paper,soiled after use,General Waste
used diaper,used disposable diaper at home,General Waste
broken toy,plastic item not working,General Waste
cotton swab,used in cleaning,General Waste
plastic wrap,used food wrap,General Waste
tissue paper,soiled after use,General Waste
tissue paper,soiled after use,General Waste
sponge,used for cleaning at home,General Waste
used cotton swab,used in cleaning,General Waste
ceramic plate,broken dish,General Waste
styrofoam cup,from beverage,General Waste
used tissue paper,soiled after use at home,General Waste
chip bag,aluminum lining inside,General Waste
rubber glove,used during cleaning,General Waste
used plastic wrap,used food wrap,General Waste
used cotton swab,used in cleaning,General Waste
used sponge,used for cleaning,General Waste
ceramic plate,broken dish,General Waste
used sponge,used for cleaning,General Waste
diaper,used disposable diaper,General Waste
used diaper,used disposable diaper,General Waste
used ceramic plate,broken dish,General Waste
ceramic plate,broken dish,General Waste
cotton swab,used in cleaning,General Waste
used plastic wrap,used food wrap,General Waste
used styrofoam cup,from beverage,General Waste
rubber glove,used during cleaning,General Waste
plastic wrap,used food wrap,General Waste
cotton swab,used in cleaning at home,General Waste
chip bag,aluminum lining inside,General Waste
ceramic plate,broken dish,General Waste
used chip bag,aluminum lining inside at home,General Waste
broken toy,plastic item not working,General Waste
plastic wrap,used food wrap,General Waste
chip bag,aluminum lining inside,General Waste
styrofoam cup,from beverage,General Waste
broken toy,plastic item not working,General Waste
used plastic wrap,used food wrap,General Waste
sponge,used for cleaning,General Waste
used ceramic plate,broken dish,General Waste
used chip bag,aluminum lining inside,General Waste
tissue paper,soiled after use at home,General Waste
used cotton swab,used in cleaning at home,General Waste
used styrofoam cup,from beverage at home,General Waste
plastic wrap,used food wrap,General Waste
cotton swab,used in cleaning,General Waste
used ceramic plate,broken dish,General Waste
chip bag,aluminum lining inside at home,General Waste
cotton swab,used in cleaning,General Waste
used cotton swab,used in cleaning at home,General Waste
tissue paper,soiled after use at home,General Waste
plastic wrap,used food wrap,General Waste
tissue paper,soiled after use,General Waste
sponge,used for cleaning,General Waste
rubber glove,used during cleaning at home,General Waste
cotton swab,used in cleaning,General Waste
plastic wrap,used food wrap,General Waste
used styrofoam cup,from beverage,General Waste
chip bag,aluminum lining inside,General Waste
chip bag,aluminum lining inside,General Waste
used cotton swab,used in cleaning at home,General Waste
diaper,used disposable diaper,General Waste
rubber glove,used during cleaning,General Waste
rubber glove,used during cleaning,General Waste
tissue paper,soiled after use,General Waste
diaper,used disposable diaper,General Waste
used tissue paper,soiled after use at home,General Waste
used sponge,used for cleaning,General Waste
rubber glove,used during cleaning at home,General Waste
tissue paper,soiled after use,General Waste
tissue paper,soiled after use,General Waste
tissue paper,soiled after use at home,General Waste
plastic wrap,used food wrap,General Waste
used sponge,used for cleaning,General Waste
used diaper,used disposable diaper,General Waste
styrofoam cup,from beverage,General Waste
plastic wrap,used food wrap,General Waste
ceramic plate,broken dish at home,General Waste
chip bag,aluminum lining inside,General Waste
used tissue paper,soiled after use at home,General Waste
used styrofoam cup,from beverage at home,General Waste
rubber glove,used during cleaning at home,General Waste
used ceramic plate,broken dish,General Waste
ceramic plate,broken dish,General Waste
sponge,used for cleaning,General Waste
styrofoam cup,from beverage,General Waste
used cotton swab,used in cleaning,General Waste
used ceramic plate,broken dish,General Waste
tissue paper,soiled after use,General Waste
diaper,used disposable diaper at home,General Waste
cotton swab,used in cleaning,General Waste
cotton swab,used in cleaning,General Waste
chip bag,aluminum lining inside,General Waste
used broken toy,plastic item not working,General Waste
rubber glove,used during cleaning at home,General Waste
sponge,used for cleaning,General Waste
used styrofoam cup,from beverage at home,General Waste
ceramic plate,broken dish,General Waste
used sponge,used for cleaning,General Waste
used plastic wrap,used food wrap at home,General Waste
rubber glove,used during cleaning,General Waste
styrofoam cup,from beverage,General Waste
styrofoam cup,from beverage at home,General Waste
used diaper,used disposable diaper,General Waste
styrofoam cup,from beverage,General Waste
diaper,used disposable diaper at home,General Waste
used styrofoam cup,from beverage,General Waste
broken toy,plastic item not working,General Waste
sponge,used for cleaning,General Waste
cotton swab,used in cleaning,General Waste
used styrofoam cup,from beverage,General Waste
used tissue paper,soiled after use at home,General Waste
tissue paper,soiled after use at home,General Waste
styrofoam cup,from beverage at home,General Waste
used tissue paper,soiled after use,General Waste
rubber glove,used during cleaning,General Waste
plastic wrap,used food wrap at home,General Waste
rubber glove,used during cleaning,General Waste
ceramic plate,broken dish,General Waste
used plastic wrap,used food wrap,General Waste
used chip bag,aluminum lining inside,General Waste
styrofoam cup,from beverage at home,General Waste
diaper,used disposable diaper,General Waste
cotton swab,used in cleaning,General Waste
styrofoam cup,from beverage at home,General Waste
broken toy,plastic item not working,General Waste
broken toy,plastic item not working,General Waste
used broken toy,plastic item not working,General Waste
sponge,used for cleaning at home,General Waste
sponge,used for cleaning,General Waste
styrofoam cup,from beverage,General Waste
sponge,used for cleaning,General Waste
used plastic wrap,used food wrap,General Waste
used sponge,used for cleaning at home,General Waste
styrofoam cup,from beverage at home,General Waste
plastic wrap,used food wrap,General Waste
used styrofoam cup,from beverage,General Waste
used ceramic plate,broken dish at home,General Waste
used rubber glove,used during cleaning at home,General Waste
used ceramic plate,broken dish,General Waste
chip bag,aluminum lining inside,General Waste
cotton swab,used in cleaning,General Waste
cotton swab,used in cleaning,General Waste
used chip bag,aluminum lining inside,General Waste
tissue paper,soiled after use at home,General Waste
broken toy,plastic item not working at home,General Waste
used plastic wrap,used food wrap,General Waste
used styrofoam cup,from beverage,General Waste
used ceramic plate,broken dish at home,General Waste
used ceramic plate,broken dish,General Waste
used tissue paper,soiled after use,General Waste
ceramic plate,broken dish at home,General Waste
used broken toy,plastic item not working,General Waste
used broken toy,plastic item not working,General Waste
ceramic plate,broken dish,General Waste
chip bag,aluminum lining inside,General Waste
cotton swab,used in cleaning at home,General Waste
diaper,used disposable diaper,General Waste
used rubber glove,used during cleaning,General Waste
cotton swab,used in cleaning,General Waste
styrofoam cup,from beverage at home,General Waste
ceramic plate,broken dish,General Waste
tissue paper,soiled after use,General Waste
broken toy,plastic item not working,General Waste
chip bag,aluminum lining inside,General Waste
used chip bag,aluminum lining inside at home,General Waste
styrofoam cup,from beverage at home,General Waste
plastic wrap,used food wrap,General Waste
used styrofoam cup,from beverage at home,General Waste
used diaper,used disposable diaper,General Waste
chip bag,aluminum lining inside,General Waste
plastic wrap,used food wrap,General Waste
ceramic plate,broken dish at home,General Waste
diaper,used disposable diaper,General Waste
plastic wrap,used food wrap at home,General Waste
styrofoam cup,from beverage,General Waste
used cotton swab,used in cleaning,General Waste
tissue paper,soiled after use at home,General Waste
used broken toy,plastic item not working,General Waste
sponge,used for cleaning at home,General Waste
used broken toy,plastic item not working at home,General Waste
used broken toy,plastic item not working,General Waste
used cotton swab,used in cleaning,General Waste
used ceramic plate,broken dish,General Waste
ceramic plate,broken dish,General Waste
sponge,used for cleaning,General Waste
diaper,used disposable diaper at home,General Waste
broken toy,plastic item not working,General Waste
tissue paper,soiled after use,General Waste
chip bag,aluminum lining inside at home,General Waste
used cotton swab,used in cleaning,General Waste
rubber glove,used during cleaning at home,General Waste
used diaper,used disposable diaper,General Waste
ceramic plate,broken dish,General Waste
chip bag,aluminum lining inside,General Waste
chip bag,aluminum lining inside,General Waste
rubber glove,used during cleaning,General Waste
broken toy,plastic item not working,General Waste
cotton swab,used in cleaning,General Waste
plastic wrap,used food wrap,General Waste
tissue paper,soiled after use,General Waste
used plastic wrap,used food wrap,General Waste
sponge,used for cleaning,General Waste
tissue paper,soiled after use,General Waste
used plastic wrap,used food wrap at home,General Waste
used sponge,used for cleaning,General Waste
used rubber glove,used during cleaning at home,General Waste
ceramic plate,broken dish,General Waste
styrofoam cup,from beverage at home,General Waste
plastic wrap,used food wrap,General Waste
sponge,used for cleaning,General Waste
plastic wrap,used food wrap,General Waste
styrofoam cup,from beverage at home,General Waste
rubber glove,used during cleaning,General Waste
styrofoam cup,from beverage at home,General Waste
cotton swab,used in cleaning,General Waste
used chip bag,aluminum lining inside at home,General Waste
used chip bag,aluminum lining inside,General Waste
chip bag,aluminum lining inside,General Waste
styrofoam cup,from beverage at home,General Waste
chip bag,aluminum lining inside,General Waste
used broken toy,plastic item not working at home,General Waste
used plastic wrap,used food wrap,General Waste
plastic wrap,used food wrap,General Waste
used diaper,used disposable diaper,General Waste
rubber glove,used during cleaning,General Waste
chip bag,aluminum lining inside,General Waste
sponge,used for cleaning,General Waste
ceramic plate,broken dish at home,General Waste
chip bag,aluminum lining inside,General Waste
used diaper,used disposable diaper,General Waste
diaper,used disposable diaper,General Waste
chip bag,aluminum lining inside,General Waste
used ceramic plate,broken dish,General Waste
ceramic plate,broken dish,General Waste
broken toy,plastic item not working,General Waste
used rubber glove,used during cleaning,General Waste
used styrofoam cup,from beverage,General Waste
used sponge,used for cleaning,General Waste
used broken toy,plastic item not working,General Waste
used ceramic plate,broken dish,General Waste
used broken toy,plastic item not working,General Waste
plastic wrap,used food wrap at home,General Waste
tissue paper,soiled after use,General Waste
sponge,used for cleaning at home,General Waste
diaper,used disposable diaper at home,General Waste
tissue paper,soiled after use,General Waste
rubber glove,used during cleaning,General Waste
diaper,used disposable diaper,General Waste
used tissue paper,soiled after use at home,General Waste
tissue paper,soiled after use,General Waste
ceramic plate,broken dish,General Waste
rubber glove,used during cleaning,General Waste
used cotton swab,used in cleaning at home,General Waste
styrofoam cup,from beverage,General Waste
rubber glove,used during cleaning at home,General Waste
tissue paper,soiled after use,General Waste
sponge,used for cleaning at home,General Waste
rubber glove,used during cleaning,General Waste
used broken toy,plastic item not working at home,General Waste
plastic wrap,used food wrap at home,General Waste
used diaper,used disposable diaper at home,General Waste
used diaper,used disposable diaper,General Waste
cotton swab,used in cleaning,General Waste
styrofoam cup,from beverage at home,General Waste
broken toy,plastic item not working at home,General Waste
rubber glove,used during cleaning,General Waste
used tissue paper,soiled after use,General Waste
cotton swab,used in cleaning,General Waste
diaper,used disposable diaper,General Waste
used broken toy,plastic item not working at home,General Waste
styrofoam cup,from beverage,General Waste
tissue paper,soiled after use,General Waste
used broken toy,plastic item not working,General Waste
used broken toy,plastic item not working,General Waste
broken toy,plastic item not working,General Waste
used broken toy,plastic item not working,General Waste
used broken toy,plastic item not working,General Waste
cotton swab,used in cleaning,General Waste
broken toy,plastic item not working,General Waste
plastic wrap,used food wrap,General Waste
used sponge,used for cleaning,General Waste
rubber glove,used during cleaning,General Waste
used plastic wrap,used food wrap,General Waste
chip bag,aluminum lining inside,General Waste
plastic wrap,used food wrap,General Waste
used plastic wrap,used food wrap,General Waste
rubber glove,used during cleaning at home,General Waste
rubber glove,used during cleaning at home,General Waste
used diaper,used disposable diaper at home,General Waste
used rubber glove,used during cleaning at home,General Waste
used ceramic plate,broken dish,General Waste
tissue paper,soiled after use,General Waste
styrofoam cup,from beverage,General Waste
used ceramic plate,broken dish,General Waste
used rubber glove,used during cleaning,General Waste
used plastic wrap,used food wrap,General Waste
chip bag,aluminum lining inside,General Waste
used rubber glove,used during cleaning,General Waste
styrofoam cup,from beverage,General Waste
used cotton swab,used in cleaning,General Waste
styrofoam cup,from beverage,General Waste
diaper,used disposable diaper at home,General Waste
broken toy,plastic item not working,General Waste
used styrofoam cup,from beverage,General Waste
sponge,used for cleaning,General Waste
used sponge,used for cleaning,General Waste
diaper,used disposable diaper,General Waste
ceramic plate,broken dish at home,General Waste
styrofoam cup,from beverage,General Waste
cotton swab,used in cleaning at home,General Waste
sponge,used for cleaning at home,General Waste
rubber glove,used during cleaning at home,General Waste
ceramic plate,broken dish,General Waste
used plastic wrap,used food wrap,General Waste
used cotton swab,used in cleaning at home,General Waste
sponge,used for cleaning,General Waste
plastic wrap,used food wrap,General Waste
plastic wrap,used food wrap,General Waste
used rubber glove,used during cleaning at home,General Waste
rubber glove,used during cleaning,General Waste
rubber glove,used during cleaning,General Waste
broken toy,plastic item not working at home,General Waste
used styrofoam cup,from beverage at home,General Waste
cotton swab,used in cleaning,General Waste
diaper,used disposable diaper at home,General Waste
chip bag,aluminum lining inside,General Waste
broken toy,plastic item not working at home,General Waste
sponge,used for cleaning,General Waste
used ceramic plate,broken dish,General Waste
tissue paper,soiled after use,General Waste
used plastic wrap,used food wrap,General Waste
used plastic wrap,used food wrap,General Waste
plastic wrap,used food wrap at home,General Waste
used plastic wrap,used food wrap at home,General Waste
tissue paper,soiled after use,General Waste
styrofoam cup,from beverage at home,General Waste
chip bag,aluminum lining inside,General Waste
used cotton swab,used in cleaning,General Waste
ceramic plate,broken dish,General Waste
used chip bag,aluminum lining inside,General Waste
rubber glove,used during cleaning,General Waste
tissue paper,soiled after use,General Waste
sponge,used for cleaning,General Waste
plastic wrap,used food wrap,General Waste
cotton swab,used in cleaning,General Waste
used styrofoam cup,from beverage at home,General Waste
used plastic wrap,used food wrap,General Waste
used chip bag,aluminum lining inside at home,General Waste
styrofoam cup,from beverage,General Waste
rubber glove,used during cleaning at home,General Waste
plastic wrap,used food wrap at home,General Waste
diaper,used disposable diaper,General Waste
cotton swab,used in cleaning at home,General Waste
used chip bag,aluminum lining inside,General Waste
used styrofoam cup,from beverage,General Waste
plastic wrap,used food wrap,General Waste
chip bag,aluminum lining inside,General Waste
used cotton swab,used in cleaning,General Waste
diaper,used disposable diaper,General Waste
ceramic plate,broken dish at home,General Waste
cotton swab,used in cleaning at home,General Waste
used broken toy,plastic item not working,General Waste
